{
  "version": 2,
  "clip_count": 13,
  "trained_clips": [
    "Clip (1).mp4",
    "Clip (10).mp4",
    "Clip (11).mp4",
    "Clip (12).mp4",
    "Clip (13).mp4",
    "Clip (2).mp4",
    "Clip (3).mp4",
    "Clip (4).mp4",
    "Clip (5).mp4",
    "Clip (6).mp4",
    "Clip (7).mp4",
    "Clip (8).mp4",
    "Clip (9).mp4"
  ],
  "profile": {
    "rms_mean": 0.07970080195138088,
    "voice_ratio_mean": 1.8260556806090358,
    "centroid_mean": 790.9742189014559,
    "flux_variance": 0.3658584036514396,
    "trigger_density": 0.3370483073905183,
    "trigger_presence": {
      "rms_spike": 0.38461538461538464,
      "laughter": 0.7692307692307693,
      "onset_novelty": 0.0,
      "voice_excitement": 0.3076923076923077
    },
    "comedy": {
      "swear_density": 0.0,
      "scream_presence": 0.9230769230769231,
      "nonsense_density": 0.0,
      "pitch_variance_mean": 334.4402917149422,
      "pre_silence_count": 4.7657685791040185,
      "voice_crack_count": 7.405471444675986,
      "chat_spike_density": 0.0
    }
  }
}